StationID,StationName,ExitID,ExitName,PositionLon,PositionLat,Stair,Escalator,Elevator
BL01,頂埔,1,頂埔站出口1,121.418218,24.959306,True,2,True
BL01,頂埔,2,頂埔站出口2,121.419,24.95931,True,2,False
BL01,頂埔,3,頂埔站出口3,121.4196,24.95962,True,1,True
BL01,頂埔,4,頂埔站出口4,121.4201,24.96039,True,0,True
BL02,永寧,1,永寧站出口1,121.435254,24.966714,True,1,True
BL02,永寧,2,永寧站出口2,121.43568,24.966102,True,2,True
BL02,永寧,3,永寧站出口3,121.436799,24.966947,True,4,False
BL02,永寧,4,永寧站出口4,121.436412,24.967191,True,2,False
BL03,土城,1,土城站出口1,121.444173,24.973251,True,2,True
BL03,土城,2,土城站出口2,121.443671,24.972663,True,2,False
BL03,土城,3,土城站出口3,121.445266,24.973714,True,0,False
BL04,海山,1,海山站出口1,121.448615,24.985375,True,2,False
BL04,海山,2,海山站出口2,121.448956,24.985329,True,3,True
BL04,海山,3,海山站出口3,121.449127,24.98609,True,2,False
BL05,亞東醫院,1,亞東醫院站出口1,121.452581,24.998933,True,3,False
BL05,亞東醫院,2,亞東醫院站出口2,121.452388,24.998252,True,2,False
BL05,亞東醫院,3,亞東醫院站出口3,121.45287,24.998875,True,1,True
BL06,府中,1,府中站出口1,121.459077,25.008486,True,1,True
BL06,府中,2,府中站出口2,121.459501,25.008943,True,1,False
BL06,府中,3,府中站出口3,121.45897,25.009162,True,0,False
BL07,板橋,1,板橋站出口1,121.461754,25.013416,True,1,False
BL07,板橋,2,板橋站出口2,121.462483,25.013192,True,1,False
BL07,板橋,3,板橋站出口3,121.462589,25.014554,True,1,True
BL08,新埔,1,新埔站出口1,121.467457,25.023063,True,1,False
BL08,新埔,2,新埔站出口2,121.468176,25.0222,True,1,False
BL08,新埔,3,新埔站出口3,121.468574,25.022844,True,2,False
BL08,新埔,4,新埔站出口4,121.468728,25.023638,True,1,True
BL08,新埔,5,新埔站出口5,121.468138,25.024163,True,1,True
BL09,江子翠,1,江子翠站出口1,121.471914,25.030298,True,2,False
BL09,江子翠,2,江子翠站出口2,121.471903,25.029782,True,2,False
BL09,江子翠,3,江子翠站出口3,121.472156,25.029459,True,2,True
BL09,江子翠,4,江子翠站出口4,121.472719,25.029763,True,2,False
BL09,江子翠,5,江子翠站出口5,121.473609,25.031027,True,2,False
BL09,江子翠,6,江子翠站出口6,121.473126,25.031095,True,2,False
BL10,龍山寺,1,龍山寺站出口1,121.49953,25.035484,True,1,True
BL10,龍山寺,2,龍山寺站出口2,121.499798,25.035109,True,1,False
BL10,龍山寺,3,龍山寺站出口3,121.501622,25.035421,True,0,False
BL11,西門,1,西門站出口1,121.507566,25.042137,True,1,False
BL11,西門,2,西門站出口2,121.508435,25.041545,True,0,False
BL11,西門,3,西門站出口3,121.508888,25.041789,True,1,False
BL11,西門,4,西門站出口4,121.509006,25.042203,True,1,True
BL11,西門,5,西門站出口5,121.508789,25.042935,True,0,False
BL11,西門,6,西門站出口6,121.507602,25.042573,True,1,True
BL12,台北車站,M1,台北車站M1,121.518193,25.048232,True,2,False
BL12,台北車站,M2,台北車站M2,121.519067,25.048064,True,2,True
BL12,台北車站,M3,台北車站M3,121.517882,25.046337,False,1,False
BL12,台北車站,M4,台北車站M4,121.517345,25.046485,True,2,True
BL12,台北車站,M5,台北車站M5,121.516246,25.046755,False,1,False
BL12,台北車站,M6,台北車站M6,121.516787,25.046234,True,0,False
BL12,台北車站,M7,台北車站M7,121.518643,25.046077,True,0,False
BL12,台北車站,M8,台北車站M8,121.517479,25.045948,False,1,False
BL13,善導寺,1,善導寺站出口1,121.523009,25.045097,True,2,False
BL13,善導寺,2,善導寺站出口2,121.523053,25.044796,True,0,False
BL13,善導寺,3,善導寺站出口3,121.523734,25.044568,True,1,True
BL13,善導寺,4,善導寺站出口4,121.524217,25.044111,True,1,False
BL13,善導寺,5,善導寺站出口5,121.52482,25.044256,True,0,False
BL13,善導寺,6,善導寺站出口6,121.524898,25.044632,True,2,False
BL14,忠孝新生,1,忠孝新生站出口1,121.531829,25.042784,True,2,False
BL14,忠孝新生,2,忠孝新生站出口2,121.532065,25.042103,True,1,True
BL14,忠孝新生,3,忠孝新生站出口3,121.53368,25.041783,True,1,False
BL14,忠孝新生,4,忠孝新生站出口4,121.533213,25.042458,True,2,False
BL14,忠孝新生,5,忠孝新生站出口5,121.532232,25.041214,True,1,False
BL14,忠孝新生,6,忠孝新生站出口6,121.533068,25.040791,True,2,False
BL14,忠孝新生,7,忠孝新生站出口7,121.533068,25.041729,True,0,False
BL15,忠孝復興,1,忠孝復興站出口1,121.543143,25.041797,True,2,False
BL15,忠孝復興,2,忠孝復興站出口2,121.543422,25.041355,True,1,True
BL15,忠孝復興,3,忠孝復興站出口3,121.544806,25.041467,True,2,False
BL15,忠孝復興,4,忠孝復興站出口4,121.54506,25.041772,True,2,False
BL15,忠孝復興,5,忠孝復興站出口5,121.543985,25.04202,True,0,False
BL16,忠孝敦化,1,忠孝敦化站出口1,121.550578,25.041642,True,0,False
BL16,忠孝敦化,2,忠孝敦化站出口2,121.551694,25.041632,True,2,True
BL16,忠孝敦化,3,忠孝敦化站出口3,121.551586,25.04134,True,2,False
BL16,忠孝敦化,4,忠孝敦化站出口4,121.550567,25.04135,True,0,False
BL16,忠孝敦化,5,忠孝敦化站出口5,121.549824,25.041238,True,2,False
BL16,忠孝敦化,6,忠孝敦化站出口6,121.549174,25.041029,True,0,False
BL16,忠孝敦化,7,忠孝敦化站出口7,121.549913,25.041661,True,2,False
BL16,忠孝敦化,8,忠孝敦化站出口8,121.549194,25.041928,True,0,False
BL17,國父紀念館,1,國父紀念館站出口1,121.556663,25.041838,True,2,False
BL17,國父紀念館,2,國父紀念館站出口2,121.556704,25.041029,True,2,False
BL17,國父紀念館,3,國父紀念館站出口3,121.557981,25.041195,True,2,False
BL17,國父紀念館,4,國父紀念館站出口4,121.558539,25.04117,True,2,True
BL17,國父紀念館,5,國父紀念館站出口5,121.558002,25.041501,True,2,False
BL18,市政府,1,市政府站出口1,121.565459,25.041408,True,0,False
BL18,市政府,2,市政府站出口2,121.565062,25.040971,True,4,True
BL18,市政府,3,市政府站出口3,121.567149,25.040903,True,1,False
BL18,市政府,4,市政府站出口4,121.567181,25.041263,True,1,False
BL19,永春,1,永春站出口1,121.57512,25.040995,True,1,False
BL19,永春,2,永春站出口2,121.575383,25.040704,True,0,False
BL19,永春,3,永春站出口3,121.576155,25.040704,True,0,False
BL19,永春,4,永春站出口4,121.576574,25.040699,True,0,False
BL19,永春,5,永春站出口5,121.576622,25.040961,True,1,True
BL20,後山埤,1,後山埤站出口1,121.58141,25.044422,True,1,False
BL20,後山埤,2,後山埤站出口2,121.581854,25.043703,True,1,False
BL20,後山埤,3,後山埤站出口3,121.583277,25.045232,True,1,True
BL20,後山埤,4,後山埤站出口4,121.582441,25.045653,True,1,False
BL21,昆陽,1,昆陽站出口1,121.592726,25.050319,True,0,False
BL21,昆陽,2,昆陽站出口2,121.592825,25.050402,True,0,False
BL21,昆陽,3,昆陽站出口3,121.59363,25.050599,True,0,False
BL21,昆陽,4,昆陽站出口4,121.593799,25.050572,True,0,True
BL22,南港,1,南港站出口1,121.606357,25.051911,True,1,False
BL22,南港,2,南港站出口2,121.60743,25.052025,True,1,True
BL23,南港展覽館,1,南港展覽館站出口1,121.616936,25.055847,True,1,True
BL23,南港展覽館,2,南港展覽館站出口2,121.616984,25.055308,False,0,True
BL23,南港展覽館,2A,南港展覽館站出口2A,121.617043,25.05524,True,0,True
BL23,南港展覽館,3,南港展覽館站出口3,121.618239,25.055123,False,0,True
BL23,南港展覽館,4,南港展覽館站出口4,121.618266,25.055386,False,0,True
BL23,南港展覽館,5,南港展覽館站出口5,121.616861,25.054917,True,1,True
BL23,南港展覽館,6,南港展覽館站出口6,121.618183,25.054739,True,2,False
BL23,南港展覽館,7,南港展覽館站出口7,121.618148,25.054035,True,2,False
BR01,動物園,1,動物園站出口1,121.579916,24.99825,True,1,True
BR01,動物園,2,動物園站出口2,121.579417,24.997948,True,2,True
BR02,木柵,0,木柵站出口,121.573417,24.998174,True,0,True
BR03,萬芳社區,0,萬芳社區站出口,121.568409,24.99858,True,0,True
BR04,萬芳醫院,0,萬芳醫院站出口,121.557737,24.999383,True,1,True
BR05,辛亥,0,辛亥站出口,121.557021,25.005119,True,0,True
BR06,麟光,0,麟光站出口,121.558606,25.018554,True,0,True
BR07,六張犁,0,六張犁站出口,121.552737,25.023852,True,1,True
BR08,科技大樓,0,科技大樓站出口,121.543636,25.026154,True,1,True
BR09,大安,1,大安站出口1,121.541949,25.033508,True,2,False
BR09,大安,2,大安站出口2,121.541826,25.033515,True,0,False
BR09,大安,3,大安站出口3,121.54233,25.033241,True,2,False
BR09,大安,4,大安站出口4,121.544057,25.033066,True,1,True
BR09,大安,5,大安站出口5,121.543719,25.032862,True,0,False
BR09,大安,6,大安站出口6,121.543749,25.034006,True,2,False
BR10,忠孝復興,1,忠孝復興站出口1,121.543143,25.041797,True,2,False
BR10,忠孝復興,2,忠孝復興站出口2,121.543422,25.041355,True,1,True
BR10,忠孝復興,3,忠孝復興站出口3,121.544806,25.041467,True,2,False
BR10,忠孝復興,4,忠孝復興站出口4,121.54506,25.041772,True,2,False
BR10,忠孝復興,5,忠孝復興站出口5,121.543985,25.04202,True,0,False
BR11,南京復興,1,南京復興站出口1,121.542121,25.052625,True,1,True
BR11,南京復興,2,南京復興站出口2,121.541863,25.051748,True,1,True
BR11,南京復興,3,南京復興站出口3,121.543237,25.051719,False,2,False
BR11,南京復興,4,南京復興站出口4,121.543237,25.051719,False,3,False
BR11,南京復興,5,南京復興站出口5,121.544338,25.051727,True,2,False
BR11,南京復興,6,南京復興站出口6,121.544908,25.052057,True,0,False
BR11,南京復興,7,南京復興站出口7,121.54447,25.052329,True,1,True
BR11,南京復興,8,南京復興站出口8,121.543819,25.052018,True,2,False
BR12,中山國中,0,中山國中站出口,121.544031,25.060889,True,1,True
BR13,松山機場,1,松山機場站出口1,121.552335,25.063717,True,2,True
BR13,松山機場,2,松山機場站出口2,121.551294,25.063673,True,3,True
BR13,松山機場,3,松山機場站出口3,121.552241,25.062923,True,1,True
BR14,大直,1,大直站出口1,121.547104,25.080118,True,1,True
BR14,大直,2,大直站出口2,121.546823,25.079584,True,2,False
BR14,大直,3,大直站出口3,121.546901,25.07931,False,1,True
BR15,劍南路,1,劍南路站出口1,121.555226,25.085174,True,0,True
BR15,劍南路,2,劍南路站出口2,121.555097,25.084754,True,3,True
BR15,劍南路,3,劍南路站出口3,121.556098,25.084484,True,1,False
BR16,西湖,1,西湖站出口1,121.566647,25.082339,True,1,True
BR16,西湖,2,西湖站出口2,121.567141,25.082023,True,1,True
BR17,港墘,1,港墘站出口1,121.57556,25.080152,True,1,True
BR17,港墘,2,港墘站出口2,121.574704,25.080065,True,1,True
BR18,文德,1,文德站出口1,121.58564,25.078671,True,3,True
BR18,文德,2,文德站出口2,121.58447,25.078408,True,1,True
BR19,內湖,1,內湖站出口1,121.594266,25.083745,True,1,True
BR19,內湖,2,內湖站出口2,121.594612,25.083636,True,3,True
BR20,大湖公園,1,大湖公園站出口1,121.602377,25.083894,True,3,True
BR20,大湖公園,2,大湖公園站出口2,121.60221,25.083675,True,1,True
BR21,葫洲,1,葫洲站出口1,121.608047,25.072638,True,3,True
BR21,葫洲,2,葫洲站出口2,121.607197,25.072534,True,1,True
BR22,東湖,1,東湖站出口1,121.611129,25.067218,True,0,True
BR22,東湖,2,東湖站出口2,121.611239,25.067111,True,3,True
BR22,東湖,3,東湖站出口3,121.611724,25.067053,True,1,True
BR23,南港軟體園區,1,南港軟體園區站出口1,121.615817,25.059995,True,3,True
BR23,南港軟體園區,2,南港軟體園區站出口2,121.616091,25.059883,True,3,True
BR24,南港展覽館,1,南港展覽館站出口1,121.616936,25.055847,True,1,True
BR24,南港展覽館,2,南港展覽館站出口2,121.616984,25.055308,False,0,True
BR24,南港展覽館,2A,南港展覽館站出口2A,121.617043,25.05524,True,0,True
BR24,南港展覽館,3,南港展覽館站出口3,121.618239,25.055123,False,0,True
BR24,南港展覽館,4,南港展覽館站出口4,121.618266,25.055386,False,0,True
BR24,南港展覽館,5,南港展覽館站出口5,121.616861,25.054917,True,1,True
BR24,南港展覽館,6,南港展覽館站出口6,121.618183,25.054739,True,2,False
BR24,南港展覽館,7,南港展覽館站出口7,121.618148,25.054035,True,2,False
G01,新店,0,新店站出口,121.537558,24.957877,True,0,True
G02,新店區公所,1,新店區公所站出口1,121.541124,24.967393,True,0,True
G02,新店區公所,2,新店區公所站出口2,121.541845,24.967986,True,0,False
G03,七張,1,七張站出口1,121.543068,24.975025,True,0,True
G03,七張,2,七張站出口2,121.542641,24.97691,True,0,False
G04,大坪林,1,大坪林站出口1,121.540874,24.982754,True,1,False
G04,大坪林,2,大坪林站出口2,121.541619,24.982051,True,0,False
G04,大坪林,3,大坪林站出口3,121.541572,24.982982,True,1,True
G04,大坪林,4,大坪林站出口4,121.541405,24.983539,True,0,False
G04,大坪林,5,大坪林站出口5,121.543136,24.982775,True,2,True
G05,景美,1,景美站出口1,121.540933,24.992296,True,1,True
G05,景美,2,景美站出口2,121.541517,24.993069,True,1,False
G05,景美,3,景美站出口3,121.540546,24.992744,True,1,False
G06,萬隆,1,萬隆站出口1,121.538896,25.001367,True,0,False
G06,萬隆,2,萬隆站出口2,121.539613,25.00151,True,1,False
G06,萬隆,3,萬隆站出口3,121.539195,25.002215,True,0,False
G06,萬隆,4,萬隆站出口4,121.538572,25.002676,True,1,True
G07,公館,1,公館站出口1,121.534377,25.014509,True,1,True
G07,公館,2,公館站出口2,121.534721,25.014718,True,1,True
G07,公館,3,公館站出口3,121.534055,25.015413,True,1,False
G07,公館,4,公館站出口4,121.533623,25.015148,True,0,False
G08,台電大樓,1,台電大樓站出口1,121.528577,25.01962,True,2,False
G08,台電大樓,2,台電大樓站出口2,121.529093,25.020192,True,1,False
G08,台電大樓,3,台電大樓站出口3,121.527849,25.021179,True,0,False
G08,台電大樓,4,台電大樓站出口4,121.527297,25.021018,True,0,False
G08,台電大樓,5,台電大樓站出口5,121.527739,25.020758,True,1,True
G09,古亭,1,古亭站出口1,121.522973,25.025976,False,0,True
G09,古亭,2,古亭站出口2,121.523353,25.025502,True,2,False
G09,古亭,3,古亭站出口3,121.523353,25.026078,True,2,False
G09,古亭,4,古亭站出口4,121.523069,25.026424,True,0,False
G09,古亭,5,古亭站出口5,121.522873,25.027184,False,0,False
G09,古亭,6,古亭站出口6,121.522297,25.027537,True,0,False
G09,古亭,7,古亭站出口7,121.521937,25.02742,True,2,False
G09,古亭,8,古亭站出口8,121.521894,25.027056,True,0,False
G09,古亭,9,古亭站出口9,121.522404,25.026798,True,0,False
G11,小南門,1,小南門站出口1,121.509752,25.036434,True,4,False
G11,小南門,2,小南門站出口2,121.509865,25.035736,True,0,False
G11,小南門,3,小南門站出口3,121.510988,25.035309,True,2,True
G11,小南門,4,小南門站出口4,121.511455,25.035226,True,0,False
G13,北門,1,北門站出口1,121.509862,25.048737,True,2,False
G13,北門,2,北門站出口2,121.510506,25.049583,True,2,True
G13,北門,3,北門站出口3,121.510227,25.049943,True,2,True
G14,中山,1,中山站出口1,121.520303,25.052414,True,2,False
G14,中山,2,中山站出口2,121.521063,25.052382,True,0,False
G14,中山,3,中山站出口3,121.521154,25.052611,True,0,False
G14,中山,4,中山站出口4,121.520306,25.052858,False,1,True
G14,中山,5,中山站出口5,121.519329,25.053037,True,1,True
G14,中山,6,中山站出口6,121.519007,25.052833,True,1,True
G15,松江南京,1,松江南京站出口1,121.532388,25.051842,True,1,True
G15,松江南京,2,松江南京站出口2,121.532875,25.051342,True,1,True
G15,松江南京,3,松江南京站出口3,121.53287,25.051085,True,1,False
G15,松江南京,4,松江南京站出口4,121.53324,25.051624,True,2,False
G15,松江南京,5,松江南京站出口5,121.534081,25.051882,True,0,False
G15,松江南京,6,松江南京站出口6,121.533727,25.052095,True,0,False
G15,松江南京,7,松江南京站出口7,121.533195,25.05247,True,2,False
G15,松江南京,8,松江南京站出口8,121.532826,25.05257,True,1,True
G16,南京復興,1,南京復興站出口1,121.542121,25.052625,True,1,True
G16,南京復興,2,南京復興站出口2,121.541863,25.051748,True,1,True
G16,南京復興,3,南京復興站出口3,121.543237,25.051719,False,2,False
G16,南京復興,4,南京復興站出口4,121.543237,25.051719,False,3,False
G16,南京復興,5,南京復興站出口5,121.544338,25.051727,True,2,False
G16,南京復興,6,南京復興站出口6,121.544908,25.052057,True,0,False
G16,南京復興,7,南京復興站出口7,121.54447,25.052329,True,1,True
G16,南京復興,8,南京復興站出口8,121.543819,25.052018,True,2,False
G17,台北小巨蛋,1,台北小巨蛋站出口1,121.55153,25.051836,True,0,True
G17,台北小巨蛋,2,台北小巨蛋站出口2,121.550715,25.051571,True,1,True
G17,台北小巨蛋,3,台北小巨蛋站出口3,121.552549,25.05152,True,1,True
G17,台北小巨蛋,4,台北小巨蛋站出口4,121.552898,25.051534,True,0,False
G17,台北小巨蛋,5,台北小巨蛋站出口5,121.552069,25.051838,True,0,False
G18,南京三民,1,南京三民站出口1,121.563643,25.051517,True,2,True
G18,南京三民,2,南京三民站出口2,121.563073,25.051215,True,2,True
G18,南京三民,3,南京三民站出口3,121.564595,25.051328,True,2,False
G18,南京三民,4,南京三民站出口4,121.56471,25.051588,True,2,False
G19,松山,1,松山站出口1,121.577022,25.050171,True,3,False
G19,松山,2,松山站出口2,121.576244,25.050171,True,2,False
G19,松山,3,松山站出口3,121.577464,25.049799,True,1,True
G19,松山,4,松山站出口4,121.577971,25.049799,True,1,False
G19,松山,5,松山站出口5,121.57813,25.050557,True,1,True
G03A,小碧潭,1,小碧潭站出口1,121.530311,24.971684,True,1,True
G03A,小碧潭,2,小碧潭站出口2,121.52995,24.973192,True,1,True
O01,南勢角,1,南勢角站出口1,121.508639,24.990016,True,4,False
O01,南勢角,2,南勢角站出口2,121.508853,24.989919,True,4,False
O01,南勢角,3,南勢角站出口3,121.509395,24.989651,True,2,True
O01,南勢角,4,南勢角站出口4,121.509776,24.989486,True,4,False
O02,景安,0,景安站出口,121.504632,24.993731,True,0,True
O03,永安市場,0,永安市場站出口,121.510962,25.002375,True,1,True
O04,頂溪,1,頂溪站出口1,121.515414,25.012895,True,1,True
O04,頂溪,2,頂溪站出口2,121.515446,25.014222,True,0,False
O06,東門,1,東門站出口1,121.527994,25.034157,False,2,False
O06,東門,2,東門站出口2,121.527565,25.03422,True,0,False
O06,東門,3,東門站出口3,121.527854,25.033676,True,2,False
O06,東門,4,東門站出口4,121.528879,25.033646,True,0,False
O06,東門,5,東門站出口5,121.529506,25.033564,False,1,False
O06,東門,6,東門站出口6,121.529957,25.033924,True,0,False
O06,東門,7,東門站出口7,121.529678,25.033962,False,2,False
O06,東門,8,東門站出口8,121.528965,25.034074,True,0,True
O07,忠孝新生,1,忠孝新生站出口1,121.531829,25.042784,True,2,False
O07,忠孝新生,2,忠孝新生站出口2,121.532065,25.042103,True,1,True
O07,忠孝新生,3,忠孝新生站出口3,121.53368,25.041783,True,1,False
O07,忠孝新生,4,忠孝新生站出口4,121.533213,25.042458,True,2,False
O07,忠孝新生,5,忠孝新生站出口5,121.532232,25.041214,True,1,False
O07,忠孝新生,6,忠孝新生站出口6,121.533068,25.040791,True,2,False
O07,忠孝新生,7,忠孝新生站出口7,121.533068,25.041729,True,0,False
O08,松江南京,1,松江南京站出口1,121.532388,25.051842,True,1,True
O08,松江南京,2,松江南京站出口2,121.532875,25.051342,True,1,True
O08,松江南京,3,松江南京站出口3,121.53287,25.051085,True,1,False
O08,松江南京,4,松江南京站出口4,121.53324,25.051624,True,2,False
O08,松江南京,5,松江南京站出口5,121.534081,25.051882,True,0,False
O08,松江南京,6,松江南京站出口6,121.533727,25.052095,True,0,False
O08,松江南京,7,松江南京站出口7,121.533195,25.05247,True,2,False
O08,松江南京,8,松江南京站出口8,121.532826,25.05257,True,1,True
O09,行天宮,1,行天宮站出口1,121.533004,25.058316,True,2,False
O09,行天宮,2,行天宮站出口2,121.533342,25.058792,True,1,True
O09,行天宮,3,行天宮站出口3,121.533393,25.059868,True,2,False
O09,行天宮,4,行天宮站出口4,121.532991,25.060365,False,1,False
O10,中山國小,1,中山國小站出口1,121.526095,25.06284,True,1,False
O10,中山國小,2,中山國小站出口2,121.526148,25.062461,True,2,False
O10,中山國小,3,中山國小站出口3,121.527114,25.062476,True,2,False
O10,中山國小,4,中山國小站出口4,121.526835,25.062835,True,2,True
O11,民權西路,1,民權西路站出口1,121.519454,25.062641,True,0,True
O11,民權西路,10,民權西路站出口10,121.519791,25.063063,False,2,True
O11,民權西路,2,民權西路站出口2,121.519614,25.061878,True,0,False
O11,民權西路,3,民權西路站出口3,121.519786,25.061766,True,0,False
O11,民權西路,4,民權西路站出口4,121.519867,25.061936,True,0,False
O11,民權西路,5,民權西路站出口5,121.518558,25.063122,True,0,False
O11,民權西路,6,民權西路站出口6,121.51853,25.062693,True,0,False
O11,民權西路,7,民權西路站出口7,121.520092,25.06267,False,2,False
O11,民權西路,8,民權西路站出口8,121.520602,25.06266,True,0,False
O11,民權西路,9,民權西路站出口9,121.520744,25.063027,True,0,False
O12,大橋頭,0,大橋頭站出口1A,121.511735,25.063332,True,1,False
O12,大橋頭,1,大橋頭站出口1,121.512319,25.06318,True,1,True
O12,大橋頭,2,大橋頭站出口2,121.513258,25.063195,True,2,False
O12,大橋頭,3,大橋頭站出口3,121.51344,25.063739,True,1,False
O13,台北橋,0,臺北橋站出口,121.500281,25.062966,True,1,True
O14,菜寮,1,菜寮站出口1,121.490673,25.05971,True,2,False
O14,菜寮,2,菜寮站出口2,121.491106,25.059287,True,1,True
O14,菜寮,3,菜寮站出口3,121.492111,25.060556,True,2,False
O15,三重,1,三重站出口1,121.483748,25.055303,True,1,True
O15,三重,2,三重站出口2,121.484451,25.055429,True,2,False
O15,三重,3,三重站出口3,121.485282,25.056134,True,2,False
O16,先嗇宮,1,先嗇宮站出口1,121.471319,25.046497,True,2,True
O16,先嗇宮,2,先嗇宮站出口2,121.471372,25.046094,True,2,False
O16,先嗇宮,3,先嗇宮站出口3,121.471801,25.046239,True,3,False
O17,頭前庄,1,頭前庄站出口1,121.460783,25.03963,True,1,True
O17,頭前庄,2,頭前庄站出口2,121.460931,25.039068,True,2,False
O17,頭前庄,3,頭前庄站出口3,121.462247,25.039853,True,2,False
O17,頭前庄,4,頭前庄站出口4,121.462242,25.040485,True,2,False
O18,新莊,1,新莊站出口1,121.452168,25.03615,True,2,True
O18,新莊,2,新莊站出口2,121.4525,25.036014,True,1,True
O19,輔大,1,輔大站出口1,121.435264,25.032932,True,2,True
O19,輔大,2,輔大站出口2,121.435277,25.032315,True,0,True
O19,輔大,3,輔大站出口3,121.436541,25.032776,True,2,False
O19,輔大,4,輔大站出口4,121.43652,25.033175,True,2,False
O20,丹鳳,1,丹鳳站出口1,121.422282,25.029048,True,2,False
O20,丹鳳,2,丹鳳站出口2,121.422615,25.028742,True,1,True
O21,迴龍,1,迴龍站出口1,121.411264,25.021864,True,1,True
O21,迴龍,2,迴龍站出口2,121.41077,25.02118,True,2,False
O21,迴龍,3,迴龍站出口3,121.412482,25.022637,True,1,False
O50,三重國小,0,三重國小站出口,121.496656,25.070536,True,1,True
O51,三和國中,1,三和國中站出口1,121.486398,25.076586,True,1,True
O51,三和國中,2,三和國中站出口2,121.486752,25.076946,True,1,False
O52,徐匯中學,1,徐匯中學站出口1,121.47988,25.080303,True,1,False
O52,徐匯中學,2,徐匯中學站出口2,121.480583,25.080332,True,1,True
O53,三民高中,1,三民高中站出口1,121.472542,25.085494,True,1,True
O53,三民高中,2,三民高中站出口2,121.473739,25.085791,True,1,False
O54,蘆洲,1,蘆洲站出口1,121.464565,25.091463,True,1,False
O54,蘆洲,2,蘆洲站出口2,121.464597,25.091609,True,2,True
O54,蘆洲,3,蘆洲站出口3,121.464425,25.091618,True,2,False
R01,廣慈/奉天宮,1,廣慈/奉天宮站出口1,121.581772,25.037434,True,2,True
R01,廣慈/奉天宮,2,廣慈/奉天宮站出口2,121.583362,25.038349,True,2,True
R02,象山,1,象山站出口1,121.569394,25.033025,True,2,True
R02,象山,2,象山站出口2,121.569809,25.032366,True,1,True
R02,象山,3,象山站出口3,121.570408,25.03302,True,2,False
R03,台北101/世貿,1,台北101/世貿站出口1,121.561671,25.033107,True,2,False
R03,台北101/世貿,2,台北101/世貿站出口2,121.561564,25.032733,True,2,False
R03,台北101/世貿,3,台北101/世貿站出口3,121.563646,25.032742,True,2,True
R03,台北101/世貿,4,台北101/世貿站出口4,121.564112,25.033034,True,1,True
R03,台北101/世貿,5,台北101/世貿站出口5,121.563292,25.033102,True,2,True
R04,信義安和,1,信義安和站出口1,121.552602,25.033377,True,2,False
R04,信義安和,2,信義安和站出口2,121.552332,25.033032,True,2,False
R04,信義安和,2A,信義安和站出口2A,121.552582,25.03284,False,0,True
R04,信義安和,3,信義安和站出口3,121.553282,25.033022,False,2,False
R04,信義安和,4,信義安和站出口4,121.5534,25.033022,True,0,False
R04,信義安和,5,信義安和站出口5,121.553526,25.033326,True,1,True
R05,大安,1,大安站出口1,121.541949,25.033508,True,2,False
R05,大安,2,大安站出口2,121.541826,25.033515,True,0,False
R05,大安,3,大安站出口3,121.54233,25.033241,True,2,False
R05,大安,4,大安站出口4,121.544057,25.033066,True,1,True
R05,大安,5,大安站出口5,121.543719,25.032862,True,0,False
R05,大安,6,大安站出口6,121.543749,25.034006,True,2,False
R06,大安森林公園,1,大安森林公園站出口1,121.534442,25.033693,True,0,False
R06,大安森林公園,2,大安森林公園站出口2,121.534487,25.033391,True,1,False
R06,大安森林公園,3,大安森林公園站出口3,121.534882,25.033396,True,0,False
R06,大安森林公園,4,大安森林公園站出口4,121.535292,25.033391,False,0,True
R06,大安森林公園,5,大安森林公園站出口5,121.535989,25.033369,True,1,True
R06,大安森林公園,6,大安森林公園站出口6,121.535952,25.033654,True,1,True
R08,中正紀念堂,1,中正紀念堂站出口1,121.517764,25.033034,False,1,True
R08,中正紀念堂,2,中正紀念堂站出口2,121.518261,25.032406,True,2,False
R08,中正紀念堂,3,中正紀念堂站出口3,121.519,25.032281,True,2,False
R08,中正紀念堂,4,中正紀念堂站出口4,121.51796,25.033525,True,0,False
R08,中正紀念堂,5,中正紀念堂站出口5,121.517109,25.035148,True,1,True
R08,中正紀念堂,6,中正紀念堂站出口6,121.516543,25.03588,True,0,False
R08,中正紀念堂,7,中正紀念堂站出口7,121.515983,25.034565,True,2,False
R09,台大醫院,1,台大醫院站出口1,121.515731,25.040913,True,1,False
R09,台大醫院,2,台大醫院站出口2,121.516589,25.041224,True,1,True
R09,台大醫院,3,台大醫院站出口3,121.516632,25.042808,True,0,True
R09,台大醫院,4,台大醫院站出口4,121.516299,25.042876,True,1,False
R10,台北車站,M1,台北車站M1,121.518193,25.048232,True,2,False
R10,台北車站,M2,台北車站M2,121.519067,25.048064,True,2,True
R10,台北車站,M3,台北車站M3,121.517882,25.046337,False,1,False
R10,台北車站,M4,台北車站M4,121.517345,25.046485,True,2,True
R10,台北車站,M5,台北車站M5,121.516246,25.046755,False,1,False
R10,台北車站,M6,台北車站M6,121.516787,25.046234,True,0,False
R10,台北車站,M7,台北車站M7,121.518643,25.046077,True,0,False
R10,台北車站,M8,台北車站M8,121.517479,25.045948,False,1,False
R11,中山,1,中山站出口1,121.520303,25.052414,True,2,False
R11,中山,2,中山站出口2,121.521063,25.052382,True,0,False
R11,中山,3,中山站出口3,121.521154,25.052611,True,0,False
R11,中山,4,中山站出口4,121.520306,25.052858,False,1,True
R11,中山,5,中山站出口5,121.519329,25.053037,True,1,True
R11,中山,6,中山站出口6,121.519007,25.052833,True,1,True
R12,雙連,1,雙連站出口1,121.520588,25.057499,True,2,False
R12,雙連,2,雙連站出口2,121.520615,25.057825,True,1,True
R13,民權西路,1,民權西路站出口1,121.519454,25.062641,True,0,True
R13,民權西路,10,民權西路站出口10,121.519791,25.063063,False,2,True
R13,民權西路,2,民權西路站出口2,121.519614,25.061878,True,0,False
R13,民權西路,3,民權西路站出口3,121.519786,25.061766,True,0,False
R13,民權西路,4,民權西路站出口4,121.519867,25.061936,True,0,False
R13,民權西路,5,民權西路站出口5,121.518558,25.063122,True,0,False
R13,民權西路,6,民權西路站出口6,121.51853,25.062693,True,0,False
R13,民權西路,7,民權西路站出口7,121.520092,25.06267,False,2,False
R13,民權西路,8,民權西路站出口8,121.520602,25.06266,True,0,False
R13,民權西路,9,民權西路站出口9,121.520744,25.063027,True,0,False
R14,圓山,1,圓山站出口1,121.520033,25.070785,True,0,True
R14,圓山,2,圓山站出口2,121.520108,25.071776,True,0,True
R15,劍潭,1,劍潭站出口1,121.525175,25.08503,True,0,False
R15,劍潭,2,劍潭站出口2,121.524807,25.083466,True,0,True
R15,劍潭,3,劍潭站出口3,121.52496,25.084284,True,0,False
R16,士林,1,士林站出口1,121.525966,25.094106,True,0,True
R16,士林,2,士林站出口2,121.526433,25.092901,False,0,True
R17,芝山,1,芝山站出口1,121.522636,25.102046,True,0,True
R17,芝山,2,芝山站出口2,121.522356,25.103804,True,0,True
R18,明德,1,明德站出口1,121.519153,25.109298,True,0,False
R18,明德,2,明德站出口2,121.518728,25.110008,True,0,False
R18,明德,3,明德站出口3,121.518538,25.109964,True,0,False
R19,石牌,1,石牌站出口1,121.515171,25.115007,True,0,True
R19,石牌,2,石牌站出口2,121.516205,25.113602,True,0,True
R20,唭哩岸,1,唭哩岸站出口1,121.506987,25.120673,True,0,True
R20,唭哩岸,2,唭哩岸站出口2,121.50589,25.120854,True,0,True
R21,奇岩,0,奇岩站出口,121.50096,25.126169,True,0,True
R22,北投,1,北投站出口1,121.498119,25.132327,True,0,False
R22,北投,2,北投站出口2,121.499194,25.131025,True,0,False
R23,復興崗,1,復興崗站出口1,121.485373,25.137665,True,0,True
R23,復興崗,2,復興崗站出口2,121.485159,25.137325,True,0,True
R24,忠義,1,忠義站出口1,121.473169,25.131056,True,0,True
R24,忠義,2,忠義站出口2,121.473657,25.130905,True,0,True
R25,關渡,1,關渡站出口1,121.467215,25.125431,True,0,True
R25,關渡,2,關渡站出口2,121.466861,25.12547,True,0,True
R26,竹圍,1,竹圍站出口1,121.459726,25.136971,True,0,True
R26,竹圍,2,竹圍站出口2,121.459383,25.136854,True,0,False
R27,紅樹林,1,紅樹林站出口1,121.459039,25.154137,True,0,True
R27,紅樹林,2,紅樹林站出口2,121.458583,25.153831,True,0,True
R28,淡水,1,淡水站出口1,121.445355,25.168084,True,0,True
R28,淡水,2,淡水站出口2,121.445988,25.167577,True,0,False
R28,淡水,3,淡水站出口3,121.445573,25.167601,True,0,False
R22A,新北投,1,新北投站出口1,121.503524,25.136968,True,0,False
R22A,新北投,2,新北投站出口2,121.502455,25.136834,True,0,False
